id,name,code,account_type,reconcile
pcg_1011,Capital souscrit - non appelé,101100,equity,FALSE
pcg_1012,Capital souscrit - appelé non versé,101200,equity,FALSE
pcg_1013,Capital souscrit - appelé versé,101300,equity,FALSE
pcg_1041,Primes d'émission,104100,equity,FALSE
pcg_1042,Primes de fusion,104200,equity,FALSE
pcg_1043,Primes d'apport,104300,equity,FALSE
pcg_1044,Primes de conversion d'obligations en actions,104400,equity,FALSE
pcg_1052,Ecart de réévaluation libre,105200,equity,FALSE
pcg_1058,Autre écart de réévaluation à l'étranger,105800,equity,FALSE
pcg_1061,Réserve légale,106100,equity,FALSE
pcg_1062,Réserves facultatives,106200,equity,FALSE
pcg_1063,Réserves statutaires ou concratuelles,106300,equity,FALSE
pcg_1064,Réserves réglementées,106400,equity,FALSE
pcg_1068,Autres réserves,106800,equity,FALSE
pcg_107,Ecart d'équivalence,107000,equity,FALSE
pcg_108,Compte de l'exploitant,108000,equity,FALSE
pcg_109,"Actionnaires, capital souscrit non appelé",109000,equity,FALSE
pcg_110,Report à nouveau solde créditeur,110000,equity,FALSE
pcg_119,Report à nouveau solde débiteur,119000,equity,FALSE
pcg_120,Résultat de l'exercice (bénéfice),120000,equity,FALSE
pcg_128,Résultat en instance d'affectation,128000,equity,FALSE
pcg_129,Résultat de l'exercice (perte),129000,equity,FALSE
pcg_1311,Etat,131100,equity,FALSE
pcg_1312,Régions,131200,equity,FALSE
pcg_1313,Départements,131300,equity,FALSE
pcg_1314,Communes,131400,equity,FALSE
pcg_1315,Collectivités publiques,131500,equity,FALSE
pcg_1316,Entreprises publiques,131600,equity,FALSE
pcg_1317,Entreprises et organismes privés,131700,equity,FALSE
pcg_1318,Autres,131800,equity,FALSE
pcg_132,Autres subventions d'investissement,132000,equity,FALSE
pcg_133,Impôts différés actif,133000,equity,FALSE
pcg_134,Impôts différés passif,134000,equity,FALSE
pcg_138,Autres produits et charges différés,138000,equity,FALSE
pcg_153,Provisions pour pensions et obligations similaires,153000,liability_current,FALSE
pcg_155,Provisions pour impôts,155000,liability_current,FALSE
pcg_156,Provisions pour renouvellement des immobilisations (concession),156000,liability_current,FALSE
pcg_158,Autres provisions pour charges - passifs non courants,158000,liability_current,FALSE
pcg_161,Emprunts obligataires convertibles,161000,liability_current,FALSE
pcg_163,Autres emprunts obligataires,163000,liability_current,FALSE
pcg_1641,Emprunts à LT à plus d'un an,164100,liability_current,FALSE
pcg_1642,Emprunts à MT à moins d'un an,164200,liability_current,FALSE
pcg_165,Dépôts et cautionnements reçus,165000,liability_current,FALSE
pcg_167,Dettes sur contrat de location-financement,167000,liability_current,FALSE
pcg_1681,Autres emprunts,168100,liability_current,FALSE
pcg_1688,Intérêts courus,168800,liability_current,FALSE
pcg_169,Primes de remboursement des obligations,169000,liability_current,FALSE
pcg_171,Dettes rattachées à des participations groupe,171000,liability_current,FALSE
pcg_172,Dettes rattachées à des participations hors groupe,172000,liability_current,FALSE
pcg_173,Dettes rattachées à des sociétés en participation,173000,liability_current,FALSE
pcg_1781,Principal,178100,liability_current,FALSE
pcg_1788,Intérêts courus,178800,liability_current,FALSE
pcg_181,Comptes de liaison entre établissements,181000,liability_current,FALSE
pcg_188,Comptes de liaison entre sociétés en participation,188000,liability_current,FALSE
pcg_203,Frais de développement immobilisables,203000,asset_fixed,FALSE
pcg_204,Logiciels informatiques et assimilés,204000,asset_fixed,FALSE
pcg_205,"Concessions et droits similaires, brevets, licences, marques",205000,asset_fixed,FALSE
pcg_207,Fonds commercial,207000,asset_fixed,FALSE
pcg_208,Autres immobilisations incorporelles,208000,asset_fixed,FALSE
pcg_211,Terrains,211000,asset_fixed,FALSE
pcg_212,Agencements et aménagements de terrain,212000,asset_fixed,FALSE
pcg_2131,Bâtiments,213100,asset_fixed,FALSE
pcg_2135,"Installations générales, agencements, aménagements",213500,asset_fixed,FALSE
pcg_2151,Installations complexes spécialisées,215100,asset_fixed,FALSE
pcg_2154,Matériel industriel,215400,asset_fixed,FALSE
pcg_2155,Outillage industriel,215500,asset_fixed,FALSE
pcg_2157,Agencements et aménagements du matériel et outillage industriel,215700,asset_fixed,FALSE
pcg_2181,"Installations générales, agencements, aménagements",218100,asset_fixed,FALSE
pcg_2182,Matériel de transport,218200,asset_fixed,FALSE
pcg_2183,Matériel de bureau et matériel informatique,218300,asset_fixed,FALSE
pcg_2184,Mobilier,218400,asset_fixed,FALSE
pcg_2185,Cheptel,218500,asset_fixed,FALSE
pcg_2186,Matériel d'emballage,218600,asset_fixed,FALSE
pcg_221,Terrains en concession,221000,asset_fixed,FALSE
pcg_222,Agencements et aménagements de terrain en concession,222000,asset_fixed,FALSE
pcg_223,Constructions en concession,223000,asset_fixed,FALSE
pcg_225,Installations techniques en concession,225000,asset_fixed,FALSE
pcg_228,Autres immobilisations corporelles en concession,228000,asset_fixed,FALSE
pcg_229,Droits du concédant,229000,asset_fixed,FALSE
pcg_232,Immobilisations corporelles en cours,232000,asset_fixed,FALSE
pcg_237,Immobilisations incorporelles en cours,237000,asset_fixed,FALSE
pcg_238,Avances et acomptes versés sur commandes d'immobilisations,238000,asset_current,FALSE
pcg_2611,Actions,261100,asset_fixed,FALSE
pcg_2612,Autres titres,261200,asset_fixed,FALSE
pcg_2618,Intérêts courus,261800,asset_fixed,FALSE
pcg_262,Autres formes de participations,262000,asset_fixed,FALSE
pcg_265,Titres de participation évalués par équivalence,265000,asset_fixed,FALSE
pcg_266,Créances rattachées à des participations groupe,266000,asset_fixed,FALSE
pcg_2671,Créances rattachées à des participations (groupe),267100,asset_fixed,FALSE
pcg_2674,Créances rattachées à des participations (hors groupe),267400,asset_fixed,FALSE
pcg_268,Créances rattachées à des sociétés en participation,268000,asset_fixed,FALSE
pcg_269,Versements restant à effectuer sur titres de participation non libérés,269000,asset_fixed,FALSE
pcg_2711,Actions,271100,asset_fixed,FALSE
pcg_2712,Autres titres,271200,asset_fixed,FALSE
pcg_272,"Titres représentatifs de droit de créance (obligations, bons)",272000,asset_fixed,FALSE
pcg_273,Titres immobilisés de l'activité de portefeuille,273000,asset_fixed,FALSE
pcg_2741,Prêts participatifs,274100,asset_fixed,FALSE
pcg_2742,Prêts aux associés,274200,asset_fixed,FALSE
pcg_2743,Prêts au personnel,274300,asset_fixed,FALSE
pcg_2745,Prêts à LT,274500,asset_fixed,FALSE
pcg_2746,Prêts à CT,274600,asset_fixed,FALSE
pcg_2748,Autres prêts,274800,asset_fixed,FALSE
pcg_2751,Dépôts,275100,asset_fixed,FALSE
pcg_276,Autres créances immobilisées,276000,asset_fixed,FALSE
pcg_277,Actions propres (ou parts propres),277000,asset_fixed,FALSE
pcg_279,Versements restant à effectuer sur titres immobilisés non libérés,279000,asset_fixed,FALSE
pcg_2803,Frais de développement immobilisables,280300,asset_fixed,FALSE
pcg_2804,Logiciels informatiques et assimilés,280400,asset_fixed,FALSE
pcg_2805,"Concessions et droits similaires, brevets, licences, marques",280500,asset_fixed,FALSE
pcg_2807,Fonds commercial,280700,asset_fixed,FALSE
pcg_2808,Autres immobilisations incorporelles,280800,asset_fixed,FALSE
pcg_2811,Terrains,281100,asset_fixed,FALSE
pcg_2812,Agencements et aménagements de terrain,281200,asset_fixed,FALSE
pcg_28131,Bâtiments,281310,asset_fixed,FALSE
pcg_28135,"Installations générales, agencements, aménagements",281350,asset_fixed,FALSE
pcg_28151,Installations complexes spécialisées,281510,asset_fixed,FALSE
pcg_28154,Matériel industriel,281540,asset_fixed,FALSE
pcg_28155,Outillage industriel,281550,asset_fixed,FALSE
pcg_28157,Agencements et aménagements du matériel et outillage industriel,281570,asset_fixed,FALSE
pcg_28181,"Installations générales, agencements, aménagements",281810,asset_fixed,FALSE
pcg_28182,Matériel de transport,281820,asset_fixed,FALSE
pcg_28183,Matériel de bureau et matériel informatique,281830,asset_fixed,FALSE
pcg_28184,Mobilier,281840,asset_fixed,FALSE
pcg_28185,Cheptel,281850,asset_fixed,FALSE
pcg_28186,Emballages récupérables,281860,asset_fixed,FALSE
pcg_282,Amortissement des immobilisations mises en concession,282000,asset_fixed,FALSE
pcg_290,Perte de valeur sur immobilisations incorporelles,290000,asset_fixed,FALSE
pcg_291,Perte de valeur sur immobilisations corporelles,291000,asset_fixed,FALSE
pcg_292,Dépréciation sur immobilisations mises en concession,292000,asset_fixed,FALSE
pcg_293,Perte de valeur sur immobilisations en cours,293000,asset_fixed,FALSE
pcg_296,Perte de valeur sur participations et créances rattachées à participations,296000,asset_fixed,FALSE
pcg_297,Perte de valeur sur autres immobilisations financières,297000,asset_fixed,FALSE
pcg_321,Matières consommables,321000,asset_current,FALSE
pcg_3221,Combustibles,322100,asset_current,FALSE
pcg_3222,Produits d'entretiens,322200,asset_current,FALSE
pcg_3223,Fournitures d'atelier et d'usine,322300,asset_current,FALSE
pcg_3224,Fournitures de magasin,322400,asset_current,FALSE
pcg_3225,Fournitures de bureau,322500,asset_current,FALSE
pcg_3261,Emballages perdues,326100,asset_current,FALSE
pcg_3265,Emballages récupérables,326500,asset_current,FALSE
pcg_331,Produits en cours,331000,asset_current,FALSE
pcg_335,Travaux en cours,335000,asset_current,FALSE
pcg_341,Etudes en cours,341000,asset_current,FALSE
pcg_345,Prestations de service en cours,345000,asset_current,FALSE
pcg_351,Produits intermédiaires,351000,asset_current,FALSE
pcg_355,Produits finis,355000,asset_current,FALSE
pcg_3581,Déchets,358100,asset_current,FALSE
pcg_3585,Rébuts,358500,asset_current,FALSE
pcg_3586,Matériels de récupération,358600,asset_current,FALSE
pcg_370,Stocks de marchandises,370000,asset_current,FALSE
pcg_380,Stocks à l'extérieur,380000,asset_current,FALSE
pcg_391,Pertes de valeur Matières premières et fournitures,391000,asset_current,FALSE
pcg_3921,Matières consommables,392100,asset_current,FALSE
pcg_39221,Combustibles,392210,asset_current,FALSE
pcg_39222,Produits d'entretiens,392220,asset_current,FALSE
pcg_39223,Fournitures d'atelier et d'usine,392230,asset_current,FALSE
pcg_39224,Fournitures de magasin,392240,asset_current,FALSE
pcg_39225,Fournitures de bureau,392250,asset_current,FALSE
pcg_3926,Emballages,392600,asset_current,FALSE
pcg_393,Pertes de valeur En cours de production de biens,393000,asset_current,FALSE
pcg_394,Pertes de valeur En cours de production de services,394000,asset_current,FALSE
pcg_395,Pertes de valeur stocks de produits,395000,asset_current,FALSE
pcg_397,Pertes de valeur Stocks de marchandises,397000,asset_current,FALSE
pcg_398,Pertes de valeur Stocks à l'extérieur,398000,asset_current,FALSE
pcg_4011,Fournisseurs Malagasy,401100,liability_payable,TRUE
pcg_4012,Fournisseurs Etranger,401200,liability_payable,TRUE
pcg_403,Fournisseurs effets à payer,403000,liability_payable,TRUE
pcg_404,Fournisseurs d'immobilisations,404000,liability_payable,TRUE
pcg_405,Fournisseurs d'immobilisations effets à payer,405000,liability_payable,TRUE
pcg_408,Fournisseurs factures non parvenues,408000,liability_current,TRUE
pcg_4088,Fournisseurs intérêts courus,408800,liability_current,TRUE
pcg_4091,Fournisseurs Avances et acomptes versés sur commandes,409100,liability_current,TRUE
pcg_4096,Fournisseurs Créances pour emballage et matériel à rendre,409600,liability_current,TRUE
pcg_4097,Fournisseurs Autres avoirs,409700,liability_current,TRUE
pcg_4098,"Rabais, remises, ristournes à obtenir et autres avoirs non encore reçus",409800,liability_current,TRUE
pcg_4111,Clients Malagasy,411100,asset_receivable,TRUE
pcg_4112,Clients Etrangers,411200,asset_receivable,TRUE
pcg_413,Clients effets à recevoir,413000,asset_receivable,TRUE
pcg_414,Effets à l'encaissement,414000,asset_receivable,TRUE
pcg_415,Effets remis à l'escompte,415000,asset_receivable,TRUE
pcg_416,Clients douteux,416000,asset_current,TRUE
pcg_417,Créances sur travaux non encore facturables,417000,asset_current,TRUE
pcg_418,Clients - produits non encore facturés,418000,asset_current,FALSE
pcg_4181,Clients factures à établir,418100,asset_current,TRUE
pcg_4182,Clients intérêts courus,418200,asset_current,TRUE
pcg_4191,Clients et avances reçus sur commandes,419100,asset_current,TRUE
pcg_4196,Clients dettes sur emballages et matériels consignés,419600,asset_current,TRUE
pcg_4197,Clients autres avoirs,419700,asset_current,TRUE
pcg_4198,"Rabais, remises, ristournes à accorder et autres avoirs à établir",419800,asset_current,TRUE
pcg_421,"Personnel, rémunérations dues",421000,liability_current,TRUE
pcg_422,Fonds sociaux – œuvres sociales,422000,liability_current,TRUE
pcg_425,"Personnel, avances et acomptes accordés",425000,liability_current,TRUE
pcg_426,"Personnel, dépôts reçus",426000,liability_current,TRUE
pcg_427,"Personnel, oppositions",427000,liability_current,TRUE
pcg_4286,Charges à payer,428600,liability_current,TRUE
pcg_4287,Produits à recevoir,428700,asset_current,TRUE
pcg_431,Organismes sociaux A,431000,liability_current,TRUE
pcg_432,Organismes sociaux B,432000,liability_current,TRUE
pcg_4382,Charges sociales sur congés à payer,438200,liability_current,TRUE
pcg_4386,Charges à payer,438600,liability_current,TRUE
pcg_4387,Produits à recevoir,438700,asset_current,TRUE
pcg_4411,Subventions d'investissement,441100,asset_current,TRUE
pcg_4417,Subventions d'exploitation,441700,asset_current,TRUE
pcg_442,"Etat, impôts et taxes recouvrables sur des tiers",442000,liability_current,TRUE
pcg_443,Opérations particulières avec l'Etat et autres organismes publiques,443000,asset_current,TRUE
pcg_444,"Etat, impôts sur les résultats",444000,liability_current,TRUE
pcg_4451,TVA collectée 20%,445100,liability_current,FALSE
pcg_4452,TVA déductible sur biens et services 20%,445200,asset_current,FALSE
pcg_4453,TVA déductible sur immobilisations 20%,445300,asset_current,FALSE
pcg_4454,Crédits de taxes,445400,liability_current,FALSE
pcg_4455,Taxes sur le chiffre d'affaires à décaisser,445500,liability_current,FALSE
pcg_4456,Crédit de TVA à reporter,445600,asset_current,FALSE
pcg_44561,TVA deductibles sur les biens d'équipements et immobilisation locaux,445610,asset_current,FALSE
pcg_44562,TVA deductibles sur les biens d'équipements et immobilisation importations,445620,asset_current,FALSE
pcg_44563,TVA deductibles sur marchandises locales,445630,asset_current,TRUE
pcg_44564,TVA deductibles sur marchandises importées,445640,asset_current,TRUE
pcg_44565,TVA deductibles sur matières premières locales,445650,asset_current,TRUE
pcg_44566,TVA deductibles sur matières premières importées,445660,asset_current,TRUE
pcg_44567,TVA deductibles sur service et/ou biens matières consommables locaux,445670,asset_current,TRUE
pcg_44568,TVA deductibles sur service et/ou biens matières consommables importes,445680,asset_current,TRUE
pcg_44571,TVA collectées sur CA assujeties,445710,asset_current,TRUE
pcg_44572,TVA collectées sur CA non assujeties,445720,liability_current,TRUE
pcg_4458,"Etat, TVA à régulariser",445800,liability_current,TRUE
pcg_446,IRSA à verser,446000,liability_current,TRUE
pcg_447,"Autres impôts, taxes et versements assimilés",447000,liability_current,TRUE
pcg_4486,Charges à payer,448600,liability_current,TRUE
pcg_4487,Produits à recevoir,448700,asset_current,TRUE
pcg_451,Opérations Groupe,451000,liability_current,TRUE
pcg_4551,Principal,455100,liability_payable,TRUE
pcg_4558,Intérêts courus,455800,liability_current,TRUE
pcg_45611,Apport en nature,456110,asset_current,TRUE
pcg_45615,Apport en numéraire,456150,asset_current,TRUE
pcg_45619,"Associés, compte d'apport en réalisation",456190,asset_current,TRUE
pcg_45621,"Actionnaires Capital souscrit et appelé, non versé",456210,asset_current,TRUE
pcg_45625,"Associés Capital appelé, non versé",456250,asset_current,TRUE
pcg_4563,Associés Versements reçus sur augmentation de capital,456300,asset_current,TRUE
pcg_4564,Associés Versements anticipés,456400,asset_current,TRUE
pcg_4566,Actionnaires défaillants,456600,asset_current,TRUE
pcg_4567,Associés Capital à rembourser,456700,asset_current,TRUE
pcg_457,"Associés, dividendes à payer",457000,liability_current,TRUE
pcg_4581,Opérations courantes,458100,asset_current,TRUE
pcg_4588,Intérêts courus,458800,asset_current,TRUE
pcg_462,Créances sur cessions d'immobilisations,462000,asset_current,TRUE
pcg_464,Dettes sur acquisitions de valeurs mobilières de placement,464000,liability_current,TRUE
pcg_465,Créances sur cessions de valeurs mobilières de placement,465000,asset_current,TRUE
pcg_467,Autres comptes débiteurs ou créditeurs,467000,liability_current,FALSE
pcg_4686,Charges à payer,468600,liability_current,TRUE
pcg_4687,Produits à recevoir,468700,asset_current,TRUE
pcg_470,Comptes transitoires ou d'attente,470000,asset_current,FALSE
pcg_481,Provisions - passifs courants,481000,asset_current,TRUE
pcg_486,Charges constatées d'avance,486000,asset_current,TRUE
pcg_487,Produits constatés d'avance,487000,liability_current,TRUE
pcg_491,Pertes de valeur sur comptes de clients,491000,asset_current,TRUE
pcg_495,Pertes de valeur sur comptes du groupe et des associés,495000,asset_current,TRUE
pcg_496,Pertes de valeur sur comptes de débiteurs divers,496000,asset_current,TRUE
pcg_501,Part dans des entreprises liées,501000,asset_cash,FALSE
pcg_502,Prêts à court terme,502000,asset_cash,FALSE
pcg_503,Actions,503000,asset_cash,FALSE
pcg_504,Autres titres conférant un droit de propriété,504000,asset_cash,FALSE
pcg_505,Obligations et bons émis par la société et rachetés par elle,505000,asset_cash,FALSE
pcg_506,Obligations,506000,asset_cash,FALSE
pcg_507,Bons du trésor et bons de caisse à court terme,507000,asset_cash,FALSE
pcg_508,Autres valeurs mobilières de placement et créances assimilés,508000,asset_cash,FALSE
pcg_5088,"Intérêts courus sur obligations, bons et valeurs assimilés",508800,asset_cash,FALSE
pcg_509,Versements restant à effectuer sur VMP non libérées,509000,asset_cash,FALSE
pcg_511,Valeurs à l'encaissement,511000,asset_current,FALSE
pcg_5112,Chèques à encaisser,511200,asset_cash,FALSE
pcg_5121,Compte en monnaie nationale,512100,asset_cash,FALSE
pcg_5124,Compte en devise,512400,asset_cash,FALSE
pcg_515,Caisse du Trésor Public et établissements publics,515000,asset_cash,FALSE
pcg_516,Emprunts à court terme,516000,asset_cash,FALSE
pcg_5171,Centre Chèques Postaux,517100,asset_cash,FALSE
pcg_5181,Intérêts courus à payer,518100,asset_cash,FALSE
pcg_5188,Intérêts courus à recevoir,518800,asset_cash,FALSE
pcg_519,Concours bancaires courants,519000,asset_cash,FALSE
pcg_5198,Intérêts courus,519800,asset_cash,FALSE
pcg_5311,Caisse en MGA,531100,asset_cash,FALSE
pcg_5314,Caisse en Devise,531400,asset_cash,FALSE
pcg_532,Caisse succursale A,532000,asset_cash,FALSE
pcg_533,Caisse succursale B,533000,asset_cash,FALSE
pcg_581,Virements de fonds,581000,asset_current,TRUE
pcg_588,Autres virements internes,588000,asset_current,TRUE
pcg_591,Pertes de valeur sur valeurs en banque et Ets financiers,591000,asset_current,FALSE
pcg_594,Pertes de valeur sur régies d'avances et accréditifs,594000,asset_current,FALSE
pcg_601,Matières premières,601000,expense,FALSE
pcg_6021,Matières consommables,602100,expense,FALSE
pcg_60221,Combustibles,602210,expense,FALSE
pcg_60222,Produits d'entretiens,602220,expense,FALSE
pcg_60223,Fournitures d'atelier et d'usine,602230,expense,FALSE
pcg_60224,Fournitures de magasin,602240,expense,FALSE
pcg_60225,Fournitures de bureau,602250,expense,FALSE
pcg_60261,Emballages perdus,602610,expense,FALSE
pcg_60265,Emballages récupérables,602650,expense,FALSE
pcg_6031,Variation des stocks de matières premières et fournitures,603100,expense,FALSE
pcg_6032,Variation des stocks des autres approvisionnements,603200,expense,FALSE
pcg_6037,Variation des stocks de marchandises,603700,expense,FALSE
pcg_604,Achats d'études et de prestations de service,604000,expense,FALSE
pcg_605,"Achats de matériels, équipements et travaux",605000,expense,FALSE
pcg_6061,Eau et électricité,606100,expense,FALSE
pcg_6062,"Carburants, gaz, lubrifiants",606200,expense,FALSE
pcg_6063,Fournitures d'entretien et de petit équipement,606300,expense,FALSE
pcg_6064,Fournitures administratives,606400,expense,FALSE
pcg_6068,Autres matières et fournitures,606800,expense,FALSE
pcg_607,Achats de marchandises,607000,expense,FALSE
pcg_608,Frais accessoires d'achat,608000,expense,FALSE
pcg_6091,Matières premières et fournitures,609100,expense,FALSE
pcg_6092,Autres approvisionnements stockés,609200,expense,FALSE
pcg_6094,Etudes et prestations de services,609400,expense,FALSE
pcg_6095,"Matériel, équipement et travaux",609500,expense,FALSE
pcg_6096,Approvisionnements stockés,609600,expense,FALSE
pcg_6097,Marchandises,609700,expense,FALSE
pcg_611,Sous-traitance générale,611000,expense,FALSE
pcg_6132,Locations immobilières,613200,expense,FALSE
pcg_6135,Locations mobilières,613500,expense,FALSE
pcg_6136,Malis sur emballages,613600,expense,FALSE
pcg_614,Charges locatives et charges de copropriété,614000,expense,FALSE
pcg_615,"Entretien, réparations et maintenance",615000,expense,FALSE
pcg_616,Primes d'assurances,616000,expense,FALSE
pcg_617,Etudes et recherches,617000,expense,FALSE
pcg_6181,Documentation générale,618100,expense,FALSE
pcg_6182,Documentation technique,618200,expense,FALSE
pcg_6183,"Frais de colloques, séminaires, conférences",618300,expense,FALSE
pcg_619,"Rabais, remises, ristournes obtenus sur services extérieurs",619000,expense,FALSE
pcg_621,Personnel extérieur à l'entreprise,621000,expense,FALSE
pcg_6221,Commissions et courtages sur achats,622100,expense,FALSE
pcg_6222,Commissions et courtages sur ventes,622200,expense,FALSE
pcg_6224,Rémunérations des transitaires,622400,expense,FALSE
pcg_6225,Rémunérations d'affacturages,622500,expense,FALSE
pcg_6226,Honoraires,622600,expense,FALSE
pcg_6227,Frais d'actes et de contentieux,622700,expense,FALSE
pcg_6228,Divers,622800,expense,FALSE
pcg_6231,Annonces et insertions,623100,expense,FALSE
pcg_6232,Echantillons,623200,expense,FALSE
pcg_6233,Foires et expositions,623300,expense,FALSE
pcg_6234,Cadeaux à la clientèle,623400,expense,FALSE
pcg_6235,Primes,623500,expense,FALSE
pcg_6236,Catalogues et imprimés,623600,expense,FALSE
pcg_6237,Publications,623700,expense,FALSE
pcg_6238,Divers,623800,expense,FALSE
pcg_6241,Transports sur achats,624100,expense,FALSE
pcg_6242,Transports sur ventes,624200,expense,FALSE
pcg_6243,Transports entre établissements ou chantiers,624300,expense,FALSE
pcg_6244,Transports administratifs,624400,expense,FALSE
pcg_6247,Transports collectifs du personnel,624700,expense,FALSE
pcg_6248,Divers,624800,expense,FALSE
pcg_6251,Voyages et déplacements,625100,expense,FALSE
pcg_6255,Frais de déménagements,625500,expense,FALSE
pcg_6256,Missions,625600,expense,FALSE
pcg_6257,Réceptions,625700,expense,FALSE
pcg_6261,Affranchissement,626100,expense,FALSE
pcg_6262,Redevances téléphoniques et télégrammes,626200,expense,FALSE
pcg_6271,Frais sur titres,627100,expense,FALSE
pcg_6272,Commissions et frais sur émission d'emprunts,627200,expense,FALSE
pcg_6275,Frais sur effets,627500,expense,FALSE
pcg_6276,Location de coffres,627600,expense,FALSE
pcg_6278,Autres frais et commissions sur prestations de services,627800,expense,FALSE
pcg_628,Cotisations et divers,628000,expense,FALSE
pcg_629,"Rabais, remises, ristournes obtenus sur autres services extérieurs",629000,expense,FALSE
pcg_631,"Impôts, taxes et versements assimilés sur rémunérations",631000,expense,FALSE
pcg_635,Autres impôts et taxes,635000,expense,FALSE
pcg_6411,"Salaires, appointements",641100,expense,FALSE
pcg_6412,Congés payés,641200,expense,FALSE
pcg_6413,Primes et gratifications,641300,expense,FALSE
pcg_6414,Indemnités et avantages divers,641400,expense,FALSE
pcg_6415,Supplément familial,641500,expense,FALSE
pcg_644,Rémunérations des dirigeants,644000,expense,FALSE
pcg_645,Cotisations aux organismes sociaux,645000,expense,FALSE
pcg_646,Charges sociales sur rémunérations des dirigeants,646000,expense,FALSE
pcg_647,Autres charges sociales,647000,expense,FALSE
pcg_648,Autres charges de personnel,648000,expense,FALSE
pcg_651,"Redevances pour concessions, brevets, licences, logiciels et valeurs similaires",651000,expense,FALSE
pcg_652,Moins values sur cessions d’actifs non courants,652000,expense,FALSE
pcg_653,Jetons de présence,653000,expense,FALSE
pcg_654,Pertes sur créances irrécouvrables,654000,expense,FALSE
pcg_655,Quote-part de résultat sur opérations faites en commun,655000,expense,FALSE
pcg_656,"Amendes et pénalités, subventions accordées, dons et libéralités",656000,expense,FALSE
pcg_657,Charges exceptionnelles de gestion courante,657000,expense,FALSE
pcg_658,Autres charges de gestion courante,658000,expense,FALSE
pcg_6611,Intérêts des emprunts et dettes,661100,expense,FALSE
pcg_6615,Intérêts des comptes courants et des dépôts créditeurs,661500,expense,FALSE
pcg_6616,Intérêts bancaires et sur opérations de financement,661600,expense,FALSE
pcg_6618,Intérêts des autres dettes,661800,expense,FALSE
pcg_664,Pertes sur créances liées a des participations,664000,expense,FALSE
pcg_665,Moins-values sur titres de placement,665000,expense,FALSE
pcg_666,Pertes de change,666000,expense,FALSE
pcg_667,Moins-values sur instruments financiers et assimilés,667000,expense,FALSE
pcg_668,Autres charges financières,668000,expense,FALSE
pcg_6811,Dotations aux amortissements sur immobilisations incorporelles et corporelles,681100,expense,FALSE
pcg_6815,Dotations aux provisiones et charges,681500,expense,FALSE
pcg_6816,Dotations aux pertes de valeur des immobilisations incorporelles et corporelles,681600,expense,FALSE
pcg_685,Dotations  - actifs courants,685000,expense,FALSE
pcg_692,Imposition différée actif,692000,expense,FALSE
pcg_693,Imposition différée passif,693000,expense,FALSE
pcg_695,Impôts sur les bénéfices basés sur le résultat des activités ordinaires,695000,expense,FALSE
pcg_698,Autres impôts sur les résultats,698000,expense,FALSE
pcg_7011,Ventes de produits finis locaux,701100,income,FALSE
pcg_7012,Ventes de produits finis locaux sans TVA,701200,income,FALSE
pcg_7013,Ventes de produits finis à l'export,701300,income,FALSE
pcg_7021,Ventes de produits intermédiaires locaux,702100,income,FALSE
pcg_7022,Ventes de produits intermédiaires locaux sans TVA,702200,income,FALSE
pcg_7023,Ventes de produits intermédiaires à l'export,702300,income,FALSE
pcg_7031,Ventes de produits résiduels locaux,703100,income,FALSE
pcg_7032,Ventes de produits résiduels locaux sans TVA,703200,income,FALSE
pcg_7033,Ventes de produits résiduels à l'export,703300,income,FALSE
pcg_7041,Vente de travaux locaux,704100,income,FALSE
pcg_7042,Vente de travaux locaux sans TVA,704200,income,FALSE
pcg_7043,Vente de travaux à l'export,704300,income,FALSE
pcg_7051,Vente d'études locaux,705100,income,FALSE
pcg_7052,Vente d'études locaux sans TVA,705200,income,FALSE
pcg_7053,Vente d'études à l'export,705300,income,FALSE
pcg_7061,Vente de prestations de service locaux,706100,income,FALSE
pcg_7062,Vente de prestations de service locaux sans TVA,706200,income,FALSE
pcg_7063,Vente de prestations de service à l'export,706300,income,FALSE
pcg_707,Ventes de marchandises,707000,income,FALSE
pcg_7082,Commissions et courtages,708200,income,FALSE
pcg_7083,Locations diverses,708300,income,FALSE
pcg_7084,Frais accessoires refacturés,708400,income,FALSE
pcg_7086,Bonis sur reprises d'emballages consignés,708600,income,FALSE
pcg_7088,Autres produits des activités annexes,708800,income,FALSE
pcg_70911,Ventes de produits finis locaux,709110,income,FALSE
pcg_70912,Ventes de produits finis locaux sans TVA,709120,income,FALSE
pcg_70913,Ventes de produits finis à l'export,709130,income,FALSE
pcg_70921,Ventes de produits intermédiaires locaux,709210,income,FALSE
pcg_70922,Ventes de produits intermédiaires locaux sans TVA,709220,income,FALSE
pcg_70923,Ventes de produits intermédiaires à l'export,709230,income,FALSE
pcg_70941,Travaux locaux,709410,income,FALSE
pcg_70942,Travaux locaux sans TVA,709420,income,FALSE
pcg_70943,Travaux à l'export,709430,income,FALSE
pcg_70951,Etudes locaux,709510,income,FALSE
pcg_70952,Etudes locaux sans TVA,709520,income,FALSE
pcg_70953,Etudes à l'export,709530,income,FALSE
pcg_70961,Prestations de services locaux,709610,income,FALSE
pcg_70962,Prestations de services locaux sans TVA,709620,income,FALSE
pcg_70963,Prestations de services à l'export,709630,income,FALSE
pcg_7097,Ventes de marchandises,709700,income,FALSE
pcg_7098,Produits des activités annexes,709800,income,FALSE
pcg_7133,Variation des en-cours de productions des biens,713300,income,FALSE
pcg_7135,Variation des en-cours de productions de services,713500,income,FALSE
pcg_714,Variation de stocks de produits,714000,income,FALSE
pcg_721,Production immobilisée d'actif incorporel,721000,income,FALSE
pcg_722,Production immobilisée d'actif corporel,722000,income,FALSE
pcg_741,Subvention d'équilibre,741000,income,FALSE
pcg_748,Autres subventions d'exploitation,748000,income,FALSE
pcg_751,"Redevances pour concessions, brevets, licences, logiciels et valeurs similaires",751000,income,FALSE
pcg_752,Plus-values sur cessions d’actifs non courants,752000,income,FALSE
pcg_753,Jetons de présence et rémunérations d'administrateurs ou de gérant,753000,income,FALSE
pcg_754,Quotes-parts de subventions d’investissement virées au résultat de l’exercice,754000,income,FALSE
pcg_755,Quote-part de résultat sur opérations faites en commun,755000,income,FALSE
pcg_756,"Libéralités perçues, rentrées sur créances amorties",756000,income,FALSE
pcg_757,Produits exceptionnels sur opérations de gestion,757000,income,FALSE
pcg_758,Autres produits de gestion courante,758000,income,FALSE
pcg_7611,Revenus des titres de participation,761100,income,FALSE
pcg_7616,Revenus sur les autres formes de participation,761600,income,FALSE
pcg_7617,Revenus des créances rattachées à des participation,761700,income,FALSE
pcg_7621,Revenus des titres immobilisés,762100,income,FALSE
pcg_7626,Revenus des prêts,762600,income,FALSE
pcg_7627,Revenus des créances immobilisées,762700,income,FALSE
pcg_763,Revenus des autres créances,763000,income,FALSE
pcg_764,Revenus et plus values des valeurs mobilières de placement,764000,income,FALSE
pcg_765,Escomptes obtenus,765000,income_other,FALSE
pcg_766,Gains de change,766000,income,FALSE
pcg_767,Produits nets sur cessions de valeurs mobilières de placement,767000,income,FALSE
pcg_768,Autres produits financiers,768000,income,FALSE
pcg_7811,Reprises sur amortissements des immobilisations,781100,income,FALSE
pcg_7815,Reprises sur provisions pour charges,781500,income,FALSE
pcg_7816,Reprises sur pertes de valeur des immobilisations incorporelles et corporelles,781600,income,FALSE
pcg_785,Reprise d'exploitation  - actifs courants,785000,income,FALSE
pcg_786,Reprises financières,786000,income,FALSE
